,order_cancel_reason,courier_id,order_activated_date,hard_cancellation_number,number_of_orders
0,ASSIGNMENT_ISSUE,170598681,2024-06-06,1,1
1,CUSTOMER_ABSENT,167702176,2024-06-04,1,1
2,CUSTOMER_ABSENT,166154192,2024-06-02,1,1
3,CUSTOMER_ABSENT,163415211,2024-06-05,1,1
4,CUSTOMER_ABSENT,170254063,2024-06-02,1,1
5,CUSTOMER_ABSENT,166355427,2024-06-07,1,1
6,CUSTOMER_ABSENT,163364038,2024-06-06,2,2
7,CUSTOMER_ABSENT,163039669,2024-06-07,1,1
8,CUSTOMER_ABSENT,170683144,2024-06-06,3,3
9,CUSTOMER_ABSENT,164239847,2024-06-07,1,1
10,CUSTOMER_ABSENT,168484487,2024-06-05,1,1
11,CUSTOMER_ABSENT,170261337,2024-06-08,1,1
12,CUSTOMER_ABSENT,166195875,2024-06-06,1,1
13,CUSTOMER_ABSENT,167855596,2024-06-06,1,1
14,CUSTOMER_ABSENT,168010181,2024-06-03,1,1
15,CUSTOMER_ABSENT,162378734,2024-06-06,1,1
16,CUSTOMER_ABSENT,150064243,2024-06-05,1,1
17,CUSTOMER_ABSENT,165738741,2024-06-01,1,1
18,CUSTOMER_ABSENT,167764388,2024-06-06,1,1
19,CUSTOMER_ABSENT,150833899,2024-06-04,1,1
20,CUSTOMER_ABSENT,166156333,2024-06-08,1,1
21,CUSTOMER_ABSENT,166154707,2024-06-08,1,1
22,CUSTOMER_ABSENT,168891592,2024-06-05,1,1
23,CUSTOMER_ABSENT,151259503,2024-06-03,1,1
24,CUSTOMER_ABSENT,169945221,2024-06-02,2,2
25,CUSTOMER_ABSENT,168484487,2024-06-06,1,1
26,CUSTOMER_ABSENT,165059400,2024-06-03,2,2
27,CUSTOMER_ABSENT,150833573,2024-06-04,1,1
28,CUSTOMER_ABSENT,165155721,2024-06-07,1,1
29,CUSTOMER_ABSENT,146723416,2024-06-06,1,1
30,CUSTOMER_ABSENT,169898653,2024-06-02,1,1
31,CUSTOMER_ABSENT,167806974,2024-06-04,1,1
32,CUSTOMER_ABSENT,169826975,2024-06-06,1,1
33,CUSTOMER_ABSENT,164239800,2024-06-02,1,1
34,CUSTOMER_ABSENT,169100777,2024-06-05,1,1
35,CUSTOMER_ABSENT,170656679,2024-06-05,1,1
36,CUSTOMER_ABSENT,164299274,2024-06-07,1,1
37,CUSTOMER_ABSENT,162517053,2024-06-04,1,1
38,CUSTOMER_ABSENT,167702176,2024-06-08,5,5
39,CUSTOMER_ABSENT,150833914,2024-06-05,1,1
40,CUSTOMER_ABSENT,163364038,2024-06-08,1,1
41,CUSTOMER_ABSENT,161251624,2024-06-05,1,1
42,CUSTOMER_ABSENT,163413632,2024-06-07,1,1
43,CUSTOMER_ABSENT,169945215,2024-06-06,1,1
44,CUSTOMER_ABSENT,167721500,2024-06-06,1,1
45,CUSTOMER_ABSENT,167860275,2024-06-08,1,1
46,CUSTOMER_ABSENT,168491909,2024-06-08,1,1
47,CUSTOMER_ABSENT,167701261,2024-06-04,1,1
48,CUSTOMER_ABSENT,171009373,2024-06-08,1,1
49,CUSTOMER_ABSENT,167702176,2024-06-06,3,3
50,CUSTOMER_ABSENT,151847382,2024-06-03,1,1
51,CUSTOMER_ABSENT,167859535,2024-06-06,1,1
52,CUSTOMER_ABSENT,114680655,2024-06-08,1,1
53,CUSTOMER_ABSENT,167728800,2024-06-06,1,1
54,CUSTOMER_ABSENT,167805983,2024-06-07,1,1
55,CUSTOMER_ABSENT,166442813,2024-06-04,1,1
56,CUSTOMER_ABSENT,170643793,2024-06-04,2,2
57,CUSTOMER_ABSENT,168003483,2024-06-05,1,1
58,CUSTOMER_ABSENT,144921970,2024-06-02,1,1
59,CUSTOMER_ABSENT,154063465,2024-06-04,1,1
60,CUSTOMER_ABSENT,135560678,2024-06-07,1,1
61,CUSTOMER_ABSENT,170253686,2024-06-02,1,1
62,CUSTOMER_ABSENT,150825957,2024-06-07,2,2
63,CUSTOMER_ABSENT,168397144,2024-06-03,1,1
64,CUSTOMER_ABSENT,150833656,2024-06-05,1,1
65,CUSTOMER_ABSENT,170253678,2024-06-02,1,1
66,CUSTOMER_ABSENT,169205546,2024-06-07,1,1
67,CUSTOMER_ABSENT,166449370,2024-06-08,1,1
68,CUSTOMER_ABSENT,161122829,2024-06-05,1,1
69,CUSTOMER_ABSENT,161766341,2024-06-07,1,1
70,CUSTOMER_ABSENT,167702176,2024-06-07,3,3
71,CUSTOMER_ABSENT,167701261,2024-06-08,1,1
72,CUSTOMER_ABSENT,164239847,2024-06-06,1,1
73,CUSTOMER_ABSENT,160807758,2024-06-04,1,1
74,CUSTOMER_ABSENT,152811016,2024-06-06,1,1
75,CUSTOMER_ABSENT,166158880,2024-06-06,1,1
76,CUSTOMER_ABSENT,161251314,2024-06-05,1,1
77,CUSTOMER_ABSENT,168016033,2024-06-08,1,1
78,CUSTOMER_ABSENT,159545441,2024-06-08,1,1
79,CUSTOMER_ABSENT,150812200,2024-06-08,1,1
80,CUSTOMER_ABSENT,159524948,2024-06-04,1,1
81,CUSTOMER_ABSENT,143026679,2024-06-06,1,1
82,CUSTOMER_ABSENT,165740195,2024-06-08,2,2
83,CUSTOMER_ABSENT,166390824,2024-06-03,1,1
84,CUSTOMER_ABSENT,140605058,2024-06-05,1,1
85,CUSTOMER_ABSENT,168003488,2024-06-02,1,1
86,CUSTOMER_ABSENT,170662910,2024-06-07,1,1
87,CUSTOMER_ABSENT,168005050,2024-06-06,2,2
88,CUSTOMER_ABSENT,166051292,2024-06-06,1,1
89,CUSTOMER_ABSENT,168891598,2024-06-07,1,1
90,CUSTOMER_ABSENT,169205533,2024-06-04,1,1
91,CUSTOMER_ABSENT,153694513,2024-06-05,1,1
92,CUSTOMER_ABSENT,165059400,2024-06-06,1,1
93,CUSTOMER_ABSENT,154571907,2024-06-05,1,1
94,CUSTOMER_ABSENT,166436504,2024-06-07,1,1
95,CUSTOMER_ABSENT,163037300,2024-06-02,2,2
96,CUSTOMER_ABSENT,170631692,2024-06-04,1,1
97,CUSTOMER_ABSENT,159545315,2024-06-07,1,1
98,CUSTOMER_ABSENT,168480920,2024-06-04,1,1
99,CUSTOMER_ABSENT,168397120,2024-06-03,1,1
100,CUSTOMER_ABSENT,163369728,2024-06-07,1,1
101,CUSTOMER_ABSENT,170969961,2024-06-08,1,1
102,CUSTOMER_ABSENT,169205533,2024-06-01,1,1
103,CUSTOMER_ABSENT,163923949,2024-06-04,1,1
104,CUSTOMER_ABSENT,168489800,2024-06-07,1,1
105,CUSTOMER_ABSENT,168005050,2024-06-07,1,1
106,CUSTOMER_ABSENT,165061022,2024-06-02,1,1
107,CUSTOMER_ABSENT,168891602,2024-06-05,1,1
108,CUSTOMER_ABSENT,168012843,2024-06-02,1,1
109,CUSTOMER_ABSENT,150833668,2024-06-04,1,1
110,CUSTOMER_ABSENT,168493319,2024-06-07,1,1
111,CUSTOMER_ABSENT,162595749,2024-06-03,1,1
112,CUSTOMER_ABSENT,170960492,2024-06-07,1,1
113,CUSTOMER_ABSENT,162012947,2024-06-08,1,1
114,CUSTOMER_ABSENT,161231069,2024-06-05,1,1
115,CUSTOMER_ABSENT,168490317,2024-06-03,1,1
116,CUSTOMER_ABSENT,170611776,2024-06-02,1,1
117,CUSTOMER_ABSENT,150833901,2024-06-08,1,1
118,CUSTOMER_ABSENT,168892521,2024-06-03,1,1
119,CUSTOMER_ABSENT,168493205,2024-06-08,1,1
120,CUSTOMER_ABSENT,163413588,2024-06-03,1,1
121,CUSTOMER_ABSENT,165739851,2024-06-02,1,1
122,CUSTOMER_ABSENT,170611776,2024-06-07,1,1
123,CUSTOMER_ABSENT,170643789,2024-06-06,1,1
124,CUSTOMER_ABSENT,150833938,2024-06-05,1,1
125,CUSTOMER_ABSENT,168397130,2024-06-04,2,2
126,CUSTOMER_ABSENT,167702176,2024-06-03,1,1
127,CUSTOMER_ABSENT,169560481,2024-06-08,1,1
128,CUSTOMER_ABSENT,163364038,2024-06-04,1,1
129,CUSTOMER_ABSENT,166449365,2024-06-06,1,1
130,CUSTOMER_ABSENT,165108987,2024-06-08,1,1
131,CUSTOMER_ABSENT,169945227,2024-06-03,1,1
132,CUSTOMER_ABSENT,159524898,2024-06-02,1,1
133,CUSTOMER_ABSENT,170261337,2024-06-07,1,1
134,CUSTOMER_ABSENT,163364038,2024-06-05,1,1
135,CUSTOMER_ABSENT,170295442,2024-06-06,1,1
136,CUSTOMER_ABSENT,171041372,2024-06-08,1,1
137,CUSTOMER_ABSENT,154113491,2024-06-07,1,1
138,CUSTOMER_ABSENT,163364547,2024-06-07,1,1
139,CUSTOMER_ABSENT,169564877,2024-06-08,1,1
140,CUSTOMER_ABSENT,162595588,2024-06-03,1,1
141,CUSTOMER_ABSENT,161053014,2024-06-07,1,1
142,CUSTOMER_ABSENT,170609599,2024-06-03,3,3
143,CUSTOMER_ABSENT,140605058,2024-06-08,1,1
144,CUSTOMER_ABSENT,166158880,2024-06-02,1,1
145,CUSTOMER_ABSENT,169605650,2024-06-04,1,1
146,CUSTOMER_ABSENT,150748341,2024-06-05,1,1
147,CUSTOMER_ABSENT,168010174,2024-06-05,1,1
148,CUSTOMER_ABSENT,168484487,2024-06-02,1,1
149,CUSTOMER_ABSENT,168491909,2024-06-05,1,1
150,CUSTOMER_ABSENT,167860275,2024-06-06,1,1
151,CUSTOMER_ABSENT,167701261,2024-06-07,1,1
152,CUSTOMER_ABSENT,166195875,2024-06-02,1,1
153,CUSTOMER_ABSENT,170609600,2024-06-05,2,2
154,CUSTOMER_ABSENT,150833682,2024-06-06,2,2
155,CUSTOMER_ABSENT,168484479,2024-06-07,1,1
156,CUSTOMER_ABSENT,169205546,2024-06-02,1,1
157,CUSTOMER_ABSENT,170970696,2024-06-08,1,1
158,CUSTOMER_ABSENT,168397148,2024-06-07,1,1
159,CUSTOMER_ABSENT,162429075,2024-06-07,1,1
160,CUSTOMER_ABSENT,167883926,2024-06-05,1,1
161,CUSTOMER_ABSENT,163413685,2024-06-06,1,1
162,CUSTOMER_ABSENT,170961513,2024-06-07,1,1
163,CUSTOMER_ABSENT,149101710,2024-06-03,1,1
164,CUSTOMER_ABSENT,157408460,2024-06-07,1,1
165,CUSTOMER_ABSENT,167851224,2024-06-04,1,1
166,CUSTOMER_ABSENT,167475991,2024-06-03,1,1
167,CUSTOMER_ABSENT,160293219,2024-06-03,1,1
168,CUSTOMER_ABSENT,161156913,2024-06-07,1,1
169,CUSTOMER_ABSENT,167805969,2024-06-06,1,1
170,CUSTOMER_ABSENT,150833960,2024-06-02,2,2
171,CUSTOMER_ABSENT,167879941,2024-06-04,2,2
172,CUSTOMER_ABSENT,167859535,2024-06-04,1,1
173,CUSTOMER_ABSENT,143157810,2024-06-06,1,1
174,CUSTOMER_ABSENT,170693313,2024-06-05,1,1
175,CUSTOMER_ABSENT,168839102,2024-06-02,1,1
176,CUSTOMER_ABSENT,170590559,2024-06-02,1,1
177,CUSTOMER_ABSENT,170295457,2024-06-06,1,1
178,CUSTOMER_ABSENT,150066426,2024-06-02,1,1
179,CUSTOMER_ABSENT,167861692,2024-06-07,1,1
180,CUSTOMER_ABSENT,166195875,2024-06-08,1,1
181,CUSTOMER_ABSENT,168199241,2024-06-06,1,1
182,CUSTOMER_ABSENT,153692455,2024-06-02,1,1
183,CUSTOMER_ABSENT,160588841,2024-06-08,1,1
184,CUSTOMER_ABSENT,170631692,2024-06-08,1,1
185,CUSTOMER_ABSENT,168016030,2024-06-04,1,1
186,CUSTOMER_ABSENT,168005048,2024-06-04,1,1
187,CUSTOMER_ABSENT,163923949,2024-06-08,1,1
188,CUSTOMER_ABSENT,168397154,2024-06-05,1,1
189,CUSTOMER_ABSENT,170646431,2024-06-02,1,1
190,CUSTOMER_ABSENT,161231069,2024-06-02,1,1
191,CUSTOMER_ABSENT,151263725,2024-06-04,1,1
192,CUSTOMER_ABSENT,167860275,2024-06-05,1,1
193,CUSTOMER_ABSENT,157413165,2024-06-06,2,2
194,CUSTOMER_ABSENT,150833989,2024-06-06,1,1
195,CUSTOMER_ABSENT,163037300,2024-06-05,1,1
196,CUSTOMER_ABSENT,169564968,2024-06-04,1,1
197,CUSTOMER_ABSENT,167764388,2024-06-04,1,1
198,CUSTOMER_ABSENT,170656408,2024-06-03,1,1
199,CUSTOMER_ABSENT,166389222,2024-06-05,1,1
200,CUSTOMER_ABSENT,168005459,2024-06-02,1,1
201,CUSTOMER_ABSENT,167721500,2024-06-08,2,2
202,CUSTOMER_ABSENT,164237129,2024-06-05,1,1
203,CUSTOMER_ABSENT,163364038,2024-06-07,2,2
204,CUSTOMER_ABSENT,160083525,2024-06-06,1,1
205,CUSTOMER_ABSENT,168397120,2024-06-02,1,1
206,CUSTOMER_ABSENT,150825958,2024-06-02,1,1
207,CUSTOMER_ABSENT,167850990,2024-06-03,1,1
208,CUSTOMER_ABSENT,170253669,2024-06-03,1,1
209,CUSTOMER_ABSENT,150833587,2024-06-07,1,1
210,CUSTOMER_ABSENT,166389874,2024-06-04,1,1
211,CUSTOMER_ABSENT,152345685,2024-06-04,1,1
212,CUSTOMER_ABSENT,160591135,2024-06-04,1,1
213,CUSTOMER_ABSENT,169205562,2024-06-02,1,1
214,CUSTOMER_ABSENT,168397112,2024-06-06,1,1
215,CUSTOMER_ABSENT,170261332,2024-06-02,1,1
216,CUSTOMER_ABSENT,161254463,2024-06-05,1,1
217,CUSTOMER_ABSENT,162517716,2024-06-04,2,2
218,CUSTOMER_ABSENT,155123000,2024-06-03,1,1
219,CUSTOMER_ABSENT,166389459,2024-06-04,1,1
220,CUSTOMER_ABSENT,168010449,2024-06-08,1,1
221,CUSTOMER_ABSENT,151199488,2024-06-08,1,1
222,CUSTOMER_ABSENT,170908919,2024-06-07,1,1
223,CUSTOMER_ABSENT,166389222,2024-06-08,1,1
224,CUSTOMER_ABSENT,168011873,2024-06-05,1,1
225,CUSTOMER_ABSENT,161231069,2024-06-03,1,1
226,CUSTOMER_ABSENT,168005459,2024-06-07,1,1
227,CUSTOMER_ABSENT,170989531,2024-06-07,1,1
228,CUSTOMER_ABSENT,162595749,2024-06-05,1,1
229,CUSTOMER_ABSENT,170253675,2024-06-05,1,1
230,CUSTOMER_ABSENT,162429815,2024-06-04,1,1
231,CUSTOMER_ABSENT,161348828,2024-06-07,1,1
232,CUSTOMER_ABSENT,160588958,2024-06-08,2,2
233,CUSTOMER_ABSENT,170295442,2024-06-04,1,1
234,CUSTOMER_ABSENT,143157810,2024-06-05,1,1
235,CUSTOMER_ABSENT,168076561,2024-06-05,1,1
236,CUSTOMER_ABSENT,170643793,2024-06-03,2,2
237,CUSTOMER_ABSENT,166154192,2024-06-06,1,1
238,CUSTOMER_ABSENT,163908985,2024-06-03,1,1
239,CUSTOMER_ABSENT,161231069,2024-06-08,1,1
240,CUSTOMER_ABSENT,161145304,2024-06-08,1,1
241,CUSTOMER_ABSENT,151330180,2024-06-06,1,1
242,CUSTOMER_ABSENT,167851226,2024-06-07,1,1
243,CUSTOMER_ABSENT,160589950,2024-06-08,1,1
244,CUSTOMER_ABSENT,168595256,2024-06-02,1,1
245,CUSTOMER_ABSENT,168013206,2024-06-04,1,1
246,CUSTOMER_ABSENT,151787257,2024-06-08,1,1
247,CUSTOMER_ABSENT,152811016,2024-06-05,1,1
248,CUSTOMER_ABSENT,168017485,2024-06-07,1,1
249,CUSTOMER_ABSENT,166051292,2024-06-05,1,1
250,CUSTOMER_ABSENT,169205544,2024-06-06,1,1
251,CUSTOMER_ABSENT,166198095,2024-06-05,1,1
252,CUSTOMER_ABSENT,170261336,2024-06-02,1,1
253,CUSTOMER_ABSENT,170125659,2024-06-07,1,1
254,CUSTOMER_ABSENT,164821299,2024-06-04,1,1
255,CUSTOMER_ABSENT,170430094,2024-06-05,1,1
256,CUSTOMER_ABSENT,170253682,2024-06-05,1,1
257,CUSTOMER_ABSENT,169945218,2024-06-07,1,1
258,CUSTOMER_ABSENT,146726379,2024-06-05,1,1
259,CUSTOMER_ABSENT,168397142,2024-06-07,1,1
260,CUSTOMER_ABSENT,161734000,2024-06-06,1,1
261,CUSTOMER_ABSENT,165154461,2024-06-06,2,2
262,CUSTOMER_ABSENT,168480272,2024-06-02,1,1
263,CUSTOMER_ABSENT,170646598,2024-06-07,1,1
264,CUSTOMER_ABSENT,170598681,2024-06-05,1,1
265,CUSTOMER_ABSENT,170253670,2024-06-02,1,1
266,CUSTOMER_ABSENT,170295454,2024-06-05,1,1
267,CUSTOMER_ABSENT,163364547,2024-06-03,1,1
268,CUSTOMER_ABSENT,167702176,2024-06-02,2,2
269,CUSTOMER_ABSENT,167777331,2024-06-08,1,1
270,CUSTOMER_ABSENT,170169597,2024-06-02,1,1
271,CUSTOMER_ABSENT,169529683,2024-06-05,1,1
272,CUSTOMER_ABSENT,167849585,2024-06-02,1,1
273,CUSTOMER_ABSENT,168480920,2024-06-06,1,1
274,CUSTOMER_ABSENT,166190318,2024-06-02,1,1
275,CUSTOMER_ABSENT,166143209,2024-06-06,1,1
276,CUSTOMER_ABSENT,166436094,2024-06-03,1,1
277,CUSTOMER_ABSENT,168534132,2024-06-06,1,1
278,CUSTOMER_ABSENT,164678163,2024-06-02,1,1
279,CUSTOMER_ABSENT,170647547,2024-06-03,2,2
280,CUSTOMER_ABSENT,168017485,2024-06-03,1,1
281,CUSTOMER_ABSENT,170646430,2024-06-05,1,1
282,CUSTOMER_ABSENT,167855922,2024-06-08,1,1
283,CUSTOMER_ABSENT,163364038,2024-06-02,1,1
284,CUSTOMER_ABSENT,166442813,2024-06-08,1,1
285,CUSTOMER_ABSENT,169205530,2024-06-04,1,1
286,CUSTOMER_ABSENT,145432275,2024-06-08,1,1
287,CUSTOMER_ABSENT,160806766,2024-06-03,1,1
288,CUSTOMER_ABSENT,168484479,2024-06-08,1,1
289,CUSTOMER_ABSENT,170295455,2024-06-02,1,1
290,CUSTOMER_ABSENT,167849585,2024-06-08,1,1
291,CUSTOMER_ABSENT,160048012,2024-06-03,1,1
292,CUSTOMER_ABSENT,150833786,2024-06-06,1,1
293,CUSTOMER_ABSENT,170598672,2024-06-05,1,1
294,CUSTOMER_ABSENT,166449976,2024-06-07,2,2
295,CUSTOMER_ABSENT,170955151,2024-06-06,1,1
296,CUSTOMER_ABSENT,147464127,2024-06-07,1,1
297,CUSTOMER_ABSENT,170551141,2024-06-08,1,1
298,CUSTOMER_ABSENT,167722770,2024-06-05,1,1
299,CUSTOMER_ABSENT,163413685,2024-06-03,1,1
300,CUSTOMER_ABSENT,170122371,2024-06-03,1,1
301,CUSTOMER_ABSENT,168010175,2024-06-06,1,1
302,CUSTOMER_ABSENT,164239129,2024-06-05,1,1
303,CUSTOMER_ABSENT,153932296,2024-06-04,1,1
304,CUSTOMER_ABSENT,164678163,2024-06-03,1,1
305,CUSTOMER_ABSENT,168480920,2024-06-08,1,1
306,CUSTOMER_ABSENT,166442813,2024-06-07,2,2
307,CUSTOMER_ABSENT,168704288,2024-06-03,1,1
308,CUSTOMER_ABSENT,157413165,2024-06-07,1,1
309,CUSTOMER_ABSENT,167852775,2024-06-06,1,1
310,CUSTOMER_ABSENT,166389994,2024-06-02,1,1
311,CUSTOMER_ABSENT,167851226,2024-06-01,1,1
312,CUSTOMER_ABSENT,168010449,2024-06-07,1,1
313,CUSTOMER_ABSENT,170590545,2024-06-02,1,1
314,CUSTOMER_ABSENT,169560493,2024-06-07,1,1
315,CUSTOMER_ABSENT,166449369,2024-06-04,1,1
316,CUSTOMER_ABSENT,165059400,2024-06-08,3,3
317,CUSTOMER_ABSENT,160047530,2024-06-07,1,1
318,CUSTOMER_ABSENT,168199833,2024-06-08,1,1
319,CUSTOMER_ABSENT,163030546,2024-06-08,2,2
320,CUSTOMER_ABSENT,168003488,2024-06-08,1,1
321,CUSTOMER_ABSENT,150813177,2024-06-08,1,1
322,CUSTOMER_ABSENT,163907409,2024-06-03,1,1
323,CUSTOMER_ABSENT,157795340,2024-06-08,1,1
324,CUSTOMER_ABSENT,153691081,2024-06-04,1,1
325,CUSTOMER_ABSENT,153691082,2024-06-04,1,1
326,CUSTOMER_ABSENT,169205535,2024-06-06,1,1
327,CUSTOMER_ABSENT,170253669,2024-06-04,2,2
328,CUSTOMER_ABSENT,163413685,2024-06-07,1,1
329,CUSTOMER_ABSENT,168489800,2024-06-08,1,1
330,CUSTOMER_ABSENT,147123707,2024-06-07,1,1
331,CUSTOMER_ABSENT,150833763,2024-06-03,1,1
332,CUSTOMER_ABSENT,167815115,2024-06-07,1,1
333,CUSTOMER_ABSENT,170594195,2024-06-06,1,1
334,CUSTOMER_ABSENT,170961516,2024-06-08,1,1
335,CUSTOMER_ABSENT,161759620,2024-06-03,1,1
336,CUSTOMER_ABSENT,167849574,2024-06-06,2,2
337,CUSTOMER_ABSENT,145166809,2024-06-07,1,1
338,CUSTOMER_ABSENT,170253676,2024-06-05,2,2
339,CUSTOMER_ABSENT,170254063,2024-06-05,1,1
340,CUSTOMER_ABSENT,161251624,2024-06-08,1,1
341,CUSTOMER_ABSENT,170435705,2024-06-04,1,1
342,CUSTOMER_ABSENT,169564968,2024-06-08,1,1
343,CUSTOMER_ABSENT,146723416,2024-06-08,1,1
344,CUSTOMER_ABSENT,160048012,2024-06-07,1,1
345,CUSTOMER_ABSENT,169899126,2024-06-07,1,1
346,CUSTOMER_ABSENT,170643794,2024-06-01,1,1
347,CUSTOMER_ABSENT,149098590,2024-06-05,1,1
348,CUSTOMER_ABSENT,164365732,2024-06-02,1,1
349,CUSTOMER_ABSENT,165740855,2024-06-02,1,1
350,CUSTOMER_ABSENT,169899126,2024-06-06,1,1
351,CUSTOMER_ABSENT,168493206,2024-06-05,1,1
352,CUSTOMER_ABSENT,161336367,2024-06-06,1,1
353,CUSTOMER_ABSENT,168010174,2024-06-02,1,1
354,CUSTOMER_ABSENT,160047533,2024-06-04,1,1
355,CUSTOMER_ABSENT,162432157,2024-06-03,1,1
356,CUSTOMER_ABSENT,151330180,2024-06-05,1,1
357,CUSTOMER_ABSENT,168489810,2024-06-01,1,1
358,CUSTOMER_ABSENT,170427662,2024-06-06,2,2
359,CUSTOMER_ABSENT,170295437,2024-06-06,1,1
360,CUSTOMER_ABSENT,159545315,2024-06-08,1,1
361,CUSTOMER_ABSENT,169898648,2024-06-04,1,1
362,CUSTOMER_ABSENT,163413685,2024-06-01,1,1
363,CUSTOMER_ABSENT,142821379,2024-06-05,1,1
364,CUSTOMER_ABSENT,167777307,2024-06-08,1,1
365,CUSTOMER_ABSENT,166449370,2024-06-06,1,1
366,CUSTOMER_ABSENT,164819025,2024-06-05,1,1
367,CUSTOMER_ABSENT,164818397,2024-06-03,1,1
368,CUSTOMER_ABSENT,169560481,2024-06-07,1,1
369,CUSTOMER_ABSENT,170683144,2024-06-07,1,1
370,CUSTOMER_ABSENT,167475989,2024-06-05,1,1
371,CUSTOMER_ABSENT,166436094,2024-06-05,1,1
372,CUSTOMER_ABSENT,170908922,2024-06-06,1,1
373,CUSTOMER_ABSENT,170609273,2024-06-08,1,1
374,CUSTOMER_ABSENT,168480920,2024-06-07,2,2
375,CUSTOMER_ABSENT,168010449,2024-06-02,1,1
376,CUSTOMER_ABSENT,160588958,2024-06-04,2,2
377,CUSTOMER_ABSENT,167702176,2024-06-05,1,1
378,CUSTOMER_ABSENT,149098590,2024-06-02,1,1
379,CUSTOMER_ABSENT,166389874,2024-06-03,1,1
380,CUSTOMER_ABSENT,163364038,2024-06-03,2,2
381,CUSTOMER_ABSENT,168017485,2024-06-06,1,1
382,CUSTOMER_ABSENT,164318873,2024-06-07,1,1
383,CUSTOMER_ABSENT,153694513,2024-06-07,2,2
384,CUSTOMER_ABSENT,166449370,2024-06-05,1,1
385,CUSTOMER_ABSENT,126264597,2024-06-04,1,1
386,CUSTOMER_ABSENT,169560486,2024-06-08,1,1
387,CUSTOMER_ABSENT,162012947,2024-06-03,1,1
388,CUSTOMER_ABSENT,157412603,2024-06-03,1,1
389,CUSTOMER_ABSENT,170253669,2024-06-08,1,1
390,CUSTOMER_ABSENT,170969967,2024-06-07,1,1
391,CUSTOMER_ABSENT,168007820,2024-06-02,1,1
392,CUSTOMER_ABSENT,167764387,2024-06-04,1,1
393,CUSTOMER_ABSENT,170646815,2024-06-07,1,1
394,CUSTOMER_ABSENT,150833713,2024-06-05,1,1
395,CUSTOMER_ABSENT,146726379,2024-06-02,1,1
396,CUSTOMER_ABSENT,144921970,2024-06-06,1,1
397,CUSTOMER_ABSENT,150833960,2024-06-04,1,1
398,CUSTOMER_ABSENT,167883926,2024-06-02,1,1
399,CUSTOMER_ABSENT,168484479,2024-06-05,1,1
400,CUSTOMER_ABSENT,168891602,2024-06-08,3,3
401,CUSTOMER_ABSENT,166390824,2024-06-04,1,1
402,CUSTOMER_ABSENT,151385155,2024-06-06,1,1
403,CUSTOMER_ABSENT,170603377,2024-06-02,1,1
404,CUSTOMER_ABSENT,170609600,2024-06-08,1,1
405,CUSTOMER_ABSENT,162616758,2024-06-06,1,1
406,CUSTOMER_ABSENT,170631692,2024-06-06,1,1
407,CUSTOMER_ABSENT,170647547,2024-06-07,1,1
408,CUSTOMER_ABSENT,170295457,2024-06-02,1,1
409,CUSTOMER_ABSENT,148936605,2024-06-08,1,1
410,CUSTOMER_ABSENT,170955147,2024-06-08,1,1
411,CUSTOMER_ABSENT,170253664,2024-06-04,1,1
412,CUSTOMER_ABSENT,161414737,2024-06-03,1,1
413,CUSTOMER_ABSENT,170254063,2024-06-01,1,1
414,CUSTOMER_ABSENT,170969958,2024-06-08,1,1
415,CUSTOMER_ABSENT,169478492,2024-06-03,1,1
416,CUSTOMER_ABSENT,168015390,2024-06-03,1,1
417,CUSTOMER_ABSENT,167855922,2024-06-05,1,1
418,CUSTOMER_ABSENT,170598681,2024-06-07,2,2
419,CUSTOMER_ABSENT,153932296,2024-06-01,1,1
420,CUSTOMER_ABSENT,150833772,2024-06-05,1,1
421,CUSTOMER_ABSENT,160588958,2024-06-06,1,1
422,CUSTOMER_ABSENT,168482673,2024-06-08,2,2
423,CUSTOMER_ABSENT,168489800,2024-06-04,1,1
424,CUSTOMER_ABSENT,168203960,2024-06-05,1,1
425,CUSTOMER_ABSENT,168493205,2024-06-07,1,1
426,CUSTOMER_ABSENT,150833656,2024-06-06,1,1
427,CUSTOMER_ABSENT,170955147,2024-06-06,1,1
428,CUSTOMER_ABSENT,167852777,2024-06-04,1,1
429,CUSTOMER_ABSENT,154063465,2024-06-05,1,1
430,CUSTOMER_ABSENT,151386653,2024-06-06,1,1
431,CUSTOMER_ABSENT,170122371,2024-06-05,2,2
432,CUSTOMER_ABSENT,170683144,2024-06-02,1,1
433,CUSTOMER_ABSENT,168010178,2024-06-05,1,1
434,CUSTOMER_ABSENT,167851226,2024-06-08,1,1
435,CUSTOMER_ABSENT,157351523,2024-06-06,1,1
436,CUSTOMER_ABSENT,170961513,2024-06-06,1,1
437,CUSTOMER_ABSENT,168482673,2024-06-05,1,1
438,CUSTOMER_ABSENT,167478373,2024-06-03,2,2
439,CUSTOMER_ABSENT,166436500,2024-06-02,1,1
440,CUSTOMER_ABSENT,152345685,2024-06-02,1,1
441,CUSTOMER_ABSENT,164239800,2024-06-08,1,1
442,CUSTOMER_ABSENT,170557743,2024-06-06,1,1
443,CUSTOMER_ABSENT,160588841,2024-06-02,1,1
444,CUSTOMER_ABSENT,166449365,2024-06-08,2,2
445,CUSTOMER_ABSENT,163360772,2024-06-01,1,1
446,CUSTOMER_ABSENT,167831839,2024-06-04,1,1
447,CUSTOMER_ABSENT,167859540,2024-06-07,1,1
448,CUSTOMER_ABSENT,170714506,2024-06-04,2,2
449,CUSTOMER_ABSENT,161254463,2024-06-04,1,1
450,CUSTOMER_ABSENT,150833786,2024-06-03,2,2
451,CUSTOMER_ABSENT,168010181,2024-06-04,1,1
452,CUSTOMER_ABSENT,160297030,2024-06-08,1,1
453,CUSTOMER_ABSENT,170261354,2024-06-02,1,1
454,CUSTOMER_ABSENT,153691081,2024-06-02,1,1
455,CUSTOMER_ABSENT,166449369,2024-06-02,1,1
456,CUSTOMER_ABSENT,170253676,2024-06-04,1,1
457,CUSTOMER_ABSENT,163909066,2024-06-03,1,1
458,CUSTOMER_ABSENT,170609600,2024-06-02,1,1
459,CUSTOMER_ABSENT,160806476,2024-06-04,1,1
460,CUSTOMER_ABSENT,143026679,2024-06-02,1,1
461,CUSTOMER_ABSENT,165155721,2024-06-06,1,1
462,CUSTOMER_ABSENT,164238307,2024-06-06,1,1
463,CUSTOMER_ABSENT,157895026,2024-06-07,1,1
464,CUSTOMER_ABSENT,137055014,2024-06-06,1,1
465,CUSTOMER_ABSENT,165155688,2024-06-06,1,1
466,CUSTOMER_ABSENT,167777315,2024-06-04,2,2
467,CUSTOMER_ABSENT,151789070,2024-06-02,1,1
468,CUSTOMER_ABSENT,168014533,2024-06-07,1,1
469,CUSTOMER_ABSENT,166156250,2024-06-08,2,2
470,CUSTOMER_ABSENT,168005048,2024-06-08,1,1
471,CUSTOMER_ABSENT,150833763,2024-06-07,1,1
472,CUSTOMER_ABSENT,151385155,2024-06-03,1,1
473,CUSTOMER_ABSENT,170969972,2024-06-08,1,1
474,CUSTOMER_ABSENT,170969963,2024-06-07,1,1
475,CUSTOMER_ABSENT,170167065,2024-06-06,1,1
476,CUSTOMER_ABSENT,167805971,2024-06-05,1,1
477,CUSTOMER_ABSENT,170295442,2024-06-02,1,1
478,CUSTOMER_ABSENT,170643795,2024-06-03,1,1
479,CUSTOMER_ABSENT,151268065,2024-06-06,1,1
480,CUSTOMER_ABSENT,166391291,2024-06-08,1,1
481,CUSTOMER_ABSENT,131976613,2024-06-07,1,1
482,CUSTOMER_ABSENT,163363858,2024-06-08,3,3
483,CUSTOMER_ABSENT,167812605,2024-06-04,1,1
484,CUSTOMER_ABSENT,170253660,2024-06-08,1,1
485,CUSTOMER_ABSENT,167812597,2024-06-05,1,1
486,CUSTOMER_ABSENT,161734000,2024-06-04,1,1
487,CUSTOMER_ABSENT,166389874,2024-06-05,1,1
488,CUSTOMER_ABSENT,168013206,2024-06-07,1,1
489,CUSTOMER_ABSENT,168484487,2024-06-01,1,1
490,CUSTOMER_ABSENT,170253686,2024-06-08,1,1
491,CUSTOMER_ABSENT,167855596,2024-06-07,1,1
492,CUSTOMER_ABSENT,168893064,2024-06-04,1,1
493,CUSTOMER_ABSENT,151783989,2024-06-04,1,1
494,CUSTOMER_ABSENT,168806750,2024-06-05,1,1
495,CUSTOMER_ABSENT,168397120,2024-06-01,2,2
496,INCORRECT_ADDRESS,170261344,2024-06-05,1,1
497,INCORRECT_ADDRESS,162429815,2024-06-07,1,1
498,INCORRECT_ADDRESS,141970606,2024-06-05,1,1
499,INCORRECT_ADDRESS,155123000,2024-06-02,1,1
500,INCORRECT_ADDRESS,150833893,2024-06-03,1,1
501,INCORRECT_ADDRESS,168489810,2024-06-08,1,1
502,INCORRECT_ADDRESS,150833893,2024-06-08,1,1
503,INCORRECT_ADDRESS,169205544,2024-06-02,1,1
504,INCORRECT_ADDRESS,161922706,2024-06-08,1,1
505,INCORRECT_ADDRESS,168203957,2024-06-06,1,1
506,INCORRECT_ADDRESS,168199926,2024-06-02,1,1
507,INCORRECT_ADDRESS,140605058,2024-06-02,1,1
508,INCORRECT_ADDRESS,168013206,2024-06-04,1,1
509,INCORRECT_ADDRESS,167727759,2024-06-06,1,1
510,INCORRECT_ADDRESS,142983419,2024-06-04,1,1
511,INCORRECT_ADDRESS,167805971,2024-06-05,1,1
512,INCORRECT_ADDRESS,153691081,2024-06-02,1,1
513,INCORRECT_ADDRESS,157413165,2024-06-07,1,1
514,INCORRECT_ADDRESS,170598685,2024-06-03,1,1
515,INCORRECT_ADDRESS,151268065,2024-06-02,1,1
516,INCORRECT_ADDRESS,151268065,2024-06-07,1,1
517,INCORRECT_ADDRESS,170253666,2024-06-04,1,1
518,INCORRECT_ADDRESS,169898653,2024-06-02,1,1
519,INCORRECT_ADDRESS,166438223,2024-06-05,1,1
520,INCORRECT_ADDRESS,168015403,2024-06-05,1,1
521,INCORRECT_ADDRESS,169564157,2024-06-02,1,1
522,INCORRECT_ADDRESS,164442457,2024-06-07,1,1
523,INCORRECT_ADDRESS,167849584,2024-06-05,1,1
524,INCORRECT_ADDRESS,166195081,2024-06-06,1,1
525,INCORRECT_ADDRESS,167859541,2024-06-07,1,1
526,INCORRECT_ADDRESS,169205545,2024-06-03,1,1
527,INCORRECT_ADDRESS,143026679,2024-06-04,1,1
528,INCORRECT_ADDRESS,163354290,2024-06-06,1,1
529,INCORRECT_ADDRESS,150815957,2024-06-05,1,1
530,INCORRECT_ADDRESS,147464127,2024-06-05,1,1
531,INCORRECT_ADDRESS,165739851,2024-06-02,1,1
532,INCORRECT_ADDRESS,156403730,2024-06-08,1,1
533,INCORRECT_ADDRESS,160589950,2024-06-04,1,1
534,INCORRECT_ADDRESS,168010181,2024-06-02,1,1
535,INCORRECT_ADDRESS,161271308,2024-06-02,1,1
536,INCORRECT_ADDRESS,168010181,2024-06-06,1,1
537,INCORRECT_ADDRESS,168493205,2024-06-07,1,1
538,INCORRECT_ADDRESS,170435705,2024-06-08,1,1
539,INCORRECT_ADDRESS,160591135,2024-06-07,1,1
540,INCORRECT_ADDRESS,170599402,2024-06-02,1,1
541,INCORRECT_ADDRESS,170590565,2024-06-07,1,1
542,INCORRECT_ADDRESS,168486985,2024-06-04,1,1
543,INCORRECT_ADDRESS,169100777,2024-06-04,1,1
544,INCORRECT_ADDRESS,167852777,2024-06-01,1,1
545,INCORRECT_ADDRESS,166133755,2024-06-05,1,1
546,INCORRECT_ADDRESS,163923298,2024-06-08,1,1
547,INCORRECT_ADDRESS,167728800,2024-06-06,1,1
548,INCORRECT_ADDRESS,155123000,2024-06-03,1,1
549,INCORRECT_ADDRESS,170609262,2024-06-02,2,2
550,INCORRECT_ADDRESS,150833786,2024-06-02,1,1
551,INCORRECT_ADDRESS,170590565,2024-06-02,1,1
552,INCORRECT_ADDRESS,150833589,2024-06-03,1,1
553,INCORRECT_ADDRESS,158373099,2024-06-04,1,1
554,INCORRECT_ADDRESS,161066511,2024-06-04,1,1
555,INCORRECT_ADDRESS,161414737,2024-06-08,1,1
556,INCORRECT_ADDRESS,169898653,2024-06-05,1,1
557,INCORRECT_ADDRESS,170653294,2024-06-03,1,1
558,INCORRECT_ADDRESS,131976613,2024-06-05,1,1
559,INCORRECT_ADDRESS,167849589,2024-06-03,1,1
560,INCORRECT_ADDRESS,163364038,2024-06-07,2,2
561,INCORRECT_ADDRESS,169898651,2024-06-03,1,1
562,INCORRECT_ADDRESS,158373099,2024-06-02,1,1
563,INCORRECT_ADDRESS,150813177,2024-06-05,1,1
564,INCORRECT_ADDRESS,169564169,2024-06-07,1,1
565,INCORRECT_ADDRESS,168005459,2024-06-04,1,1
566,INCORRECT_ADDRESS,168003492,2024-06-08,1,1
567,INCORRECT_ADDRESS,166355427,2024-06-03,1,1
568,INCORRECT_ADDRESS,163923298,2024-06-03,1,1
569,INCORRECT_ADDRESS,169898647,2024-06-03,1,1
570,INCORRECT_ADDRESS,167806971,2024-06-06,1,1
571,INCORRECT_ADDRESS,170253676,2024-06-04,1,1
572,INCORRECT_ADDRESS,170909054,2024-06-08,2,2
573,INCORRECT_ADDRESS,166391094,2024-06-03,1,1
574,INCORRECT_ADDRESS,161766341,2024-06-02,1,1
575,INCORRECT_ADDRESS,132660919,2024-06-06,1,1
576,INCORRECT_ADDRESS,170956520,2024-06-08,1,1
577,INCORRECT_ADDRESS,166144158,2024-06-04,1,1
578,INCORRECT_ADDRESS,170609276,2024-06-08,1,1
579,INCORRECT_ADDRESS,161232323,2024-06-07,1,1
580,INCORRECT_ADDRESS,146130944,2024-06-05,1,1
581,INCORRECT_ADDRESS,169945215,2024-06-08,1,1
582,INCORRECT_ADDRESS,170590565,2024-06-08,1,1
583,INCORRECT_ADDRESS,168005050,2024-06-02,1,1
584,INCORRECT_ADDRESS,167475989,2024-06-04,1,1
585,INCORRECT_ADDRESS,168397144,2024-06-04,1,1
586,INCORRECT_ADDRESS,166436320,2024-06-08,1,1
587,INCORRECT_ADDRESS,165155688,2024-06-08,1,1
588,INCORRECT_ADDRESS,150833589,2024-06-06,1,1
589,INCORRECT_ADDRESS,169564176,2024-06-06,1,1
590,INCORRECT_ADDRESS,142815827,2024-06-08,1,1
591,INCORRECT_ADDRESS,161414737,2024-06-07,1,1
592,INCORRECT_ADDRESS,160048012,2024-06-07,1,1
593,INCORRECT_ADDRESS,169564613,2024-06-08,1,1
594,INCORRECT_ADDRESS,162012947,2024-06-05,1,1
595,INCORRECT_ADDRESS,166449368,2024-06-05,1,1
596,INCORRECT_ADDRESS,150833581,2024-06-04,1,1
597,INCORRECT_ADDRESS,170253680,2024-06-05,1,1
598,INCORRECT_ADDRESS,162595749,2024-06-04,1,1
599,INCORRECT_ADDRESS,169945222,2024-06-08,1,1
600,INCORRECT_ADDRESS,157413165,2024-06-02,1,1
601,INCORRECT_ADDRESS,169945227,2024-06-07,1,1
602,INCORRECT_ADDRESS,169205545,2024-06-04,1,1
603,INCORRECT_ADDRESS,167812605,2024-06-05,1,1
604,INCORRECT_ADDRESS,168016035,2024-06-07,1,1
605,INCORRECT_ADDRESS,168017485,2024-06-05,1,1
606,INCORRECT_ADDRESS,167777307,2024-06-05,1,1
607,INCORRECT_ADDRESS,167753673,2024-06-02,1,1
608,INCORRECT_ADDRESS,147505515,2024-06-07,2,2
609,ORDER_NOT_FEASIBLE,155123000,2024-06-07,1,1
610,ORDER_NOT_FEASIBLE,169564968,2024-06-07,1,1
611,PRODUCTS_NOT_AVAILABLE,170253673,2024-06-07,1,1
612,SATURATION,169898652,2024-06-05,1,1
613,SATURATION,150833791,2024-06-05,1,1
614,SATURATION,115109202,2024-06-02,1,1
615,SATURATION,153692455,2024-06-04,1,1
616,SATURATION,168860327,2024-06-03,1,1
617,SATURATION,141970606,2024-06-05,1,1
618,SATURATION,150833700,2024-06-06,1,1
619,SATURATION,170644246,2024-06-02,1,1
620,SATURATION,168534135,2024-06-04,1,1
621,SATURATION,170960492,2024-06-06,1,1
622,SATURATION,168005048,2024-06-05,1,1
623,SATURATION,169564169,2024-06-05,1,1
624,SATURATION,163907409,2024-06-04,1,1
625,SATURATION,170609600,2024-06-03,2,2
626,SATURATION,151847382,2024-06-06,1,1
627,SATURATION,169898652,2024-06-07,1,1
628,SATURATION,169205530,2024-06-03,1,1
629,SATURATION,150066426,2024-06-05,1,1
630,SATURATION,170909054,2024-06-06,1,1
631,SATURATION,161922706,2024-06-05,1,1
632,SATURATION,168891598,2024-06-08,1,1
633,SATURATION,168490317,2024-06-03,1,1
634,SATURATION,166449369,2024-06-02,1,1
635,SATURATION,159544057,2024-06-02,1,1
636,SATURATION,170647499,2024-06-03,1,1
637,SATURATION,167859539,2024-06-08,1,1
638,SATURATION,151255884,2024-06-06,1,1
639,SATURATION,170956514,2024-06-06,1,1
640,SATURATION,153932296,2024-06-03,1,1
641,SATURATION,154111668,2024-06-05,1,1
642,SATURATION,169560492,2024-06-06,1,1
643,SATURATION,169945220,2024-06-06,2,2
644,SATURATION,165154461,2024-06-04,1,1
645,SATURATION,166436094,2024-06-08,1,1
646,SATURATION,170683144,2024-06-07,1,1
647,SATURATION,115109202,2024-06-06,2,2
648,SELF_CANCELLATION,137820948,2024-06-03,1,1
649,SELF_CANCELLATION,168489804,2024-06-01,1,1
650,SELF_CANCELLATION,169564153,2024-06-04,1,1
651,SELF_CANCELLATION,170908926,2024-06-05,1,1
652,SELF_CANCELLATION,169898652,2024-06-05,1,1
653,SELF_CANCELLATION,161144100,2024-06-04,1,1
654,SELF_CANCELLATION,168493205,2024-06-05,1,1
655,SELF_CANCELLATION,142815827,2024-06-03,1,1
656,SELF_CANCELLATION,164831779,2024-06-06,1,1
657,SELF_CANCELLATION,147123707,2024-06-06,1,1
658,STORE_CAN_NOT_DELIVER,140285274,2024-06-06,1,1
659,STORE_CAN_NOT_DELIVER,168003483,2024-06-07,1,1
660,STORE_CAN_NOT_DELIVER,116534785,2024-06-08,1,1
661,STORE_CAN_NOT_DELIVER,170253675,2024-06-02,1,1
662,STORE_CAN_NOT_DELIVER,170253686,2024-06-04,1,1
663,STORE_CAN_NOT_DELIVER,170956520,2024-06-06,1,1
664,STORE_CAN_NOT_DELIVER,163360772,2024-06-06,1,1
665,STORE_CAN_NOT_DELIVER,170973395,2024-06-08,1,1
666,STORE_CAN_NOT_DELIVER,168704288,2024-06-03,1,1
667,STORE_CAN_NOT_DELIVER,170609599,2024-06-02,1,1
668,STORE_CAN_NOT_DELIVER,163030418,2024-06-04,1,1
669,STORE_CAN_NOT_DELIVER,167764379,2024-06-06,1,1
670,STORE_CAN_NOT_DELIVER,150833946,2024-06-03,1,1
671,STORE_CAN_NOT_DELIVER,161224272,2024-06-06,1,1
672,STORE_CAN_NOT_DELIVER,165061022,2024-06-08,1,1
673,STORE_CAN_NOT_DELIVER,170295454,2024-06-06,1,1
674,STORE_CAN_NOT_DELIVER,160736307,2024-06-06,1,1
675,STORE_CAN_NOT_DELIVER,145512035,2024-06-04,1,1
676,STORE_CAN_NOT_DELIVER,142983419,2024-06-04,1,1
677,STORE_CAN_NOT_DELIVER,167859530,2024-06-07,1,1
678,STORE_CAN_NOT_DELIVER,150833713,2024-06-07,1,1
679,STORE_CAN_NOT_DELIVER,169605662,2024-06-08,1,1
680,STORE_CAN_NOT_DELIVER,168010178,2024-06-06,1,1
681,STORE_CAN_NOT_DELIVER,162429815,2024-06-07,1,1
682,STORE_CAN_NOT_DELIVER,168534132,2024-06-02,1,1
683,STORE_CAN_NOT_DELIVER,166504978,2024-06-08,1,1
684,STORE_CAN_NOT_DELIVER,157351523,2024-06-07,1,1
685,STORE_CAN_NOT_DELIVER,145512035,2024-06-02,1,1
686,STORE_CAN_NOT_DELIVER,168200629,2024-06-03,1,1
687,TECH_SEV_PROBLEM,141385627,2024-06-06,1,1
688,TECH_SEV_PROBLEM,161919361,2024-06-08,1,1
689,TECH_SEV_PROBLEM,166195875,2024-06-07,1,1
690,USER_ERROR,163354290,2024-06-06,1,1
691,USER_ERROR,149874899,2024-06-07,1,1
692,USER_ERROR,154315438,2024-06-06,1,1
693,USER_ERROR,168014534,2024-06-02,1,1
694,USER_ERROR,161050290,2024-06-07,1,1
695,USER_ERROR,142983419,2024-06-06,1,1
696,USER_ERROR,169560495,2024-06-03,1,1
697,USER_ERROR,169205563,2024-06-04,1,1
698,USER_ERROR,161066511,2024-06-08,1,1
699,USER_ERROR,140285274,2024-06-08,2,2
700,USER_ERROR,169205544,2024-06-08,1,1
701,USER_ERROR,170598672,2024-06-07,1,1
702,USER_ERROR,167777331,2024-06-08,1,1
703,USER_ERROR,170643796,2024-06-08,1,1
704,USER_ERROR,162432162,2024-06-08,1,1
705,USER_ERROR,165108987,2024-06-07,1,1
706,USER_ERROR,170295432,2024-06-04,1,1
707,USER_ERROR,161050290,2024-06-04,1,1
708,USER_ERROR,162012947,2024-06-02,1,1
709,USER_ERROR,169211328,2024-06-04,1,1
710,USER_ERROR,167855922,2024-06-04,1,1
711,USER_ERROR,167854833,2024-06-07,2,2
712,USER_ERROR,169774255,2024-06-07,1,1
713,USER_ERROR,168014532,2024-06-05,1,1
714,USER_ERROR,161156283,2024-06-02,1,1
715,USER_ERROR,142983419,2024-06-08,1,1
716,USER_ERROR,168704288,2024-06-02,1,1
717,USER_ERROR,170254066,2024-06-03,1,1
718,USER_ERROR,166504978,2024-06-05,1,1
719,USER_ERROR,170217442,2024-06-03,1,1
720,USER_ERROR,170908922,2024-06-07,1,1
721,USER_ERROR,155097127,2024-06-03,1,1
722,USER_ERROR,167722770,2024-06-03,1,1
723,USER_ERROR,170295443,2024-06-06,1,1
724,USER_ERROR,169898651,2024-06-07,1,1
725,USER_ERROR,170909129,2024-06-08,1,1
726,USER_ERROR,162595749,2024-06-04,1,1
727,USER_ERROR,170122371,2024-06-06,1,1
728,USER_ERROR,160471007,2024-06-05,1,1
729,USER_ERROR,168839099,2024-06-02,1,1
730,USER_ERROR,163415211,2024-06-02,1,1
731,USER_ERROR,160736307,2024-06-06,1,1
732,USER_ERROR,169205548,2024-06-07,1,1
733,USER_ERROR,167806974,2024-06-04,1,1
734,USER_ERROR,168005459,2024-06-05,1,1
735,USER_ERROR,168005459,2024-06-08,1,1
736,USER_ERROR,157412603,2024-06-02,1,1
737,USER_ERROR,170969963,2024-06-08,1,1
738,USER_ERROR,149098590,2024-06-08,1,1
739,USER_ERROR,168194246,2024-06-08,1,1
740,USER_ERROR,150833581,2024-06-02,1,1
741,USER_ERROR,170609268,2024-06-08,1,1
742,USER_ERROR,143026679,2024-06-08,1,1
743,USER_ERROR,168010181,2024-06-04,1,1
744,USER_ERROR,169428456,2024-06-04,1,1
745,USER_ERROR,168003502,2024-06-02,1,1
746,USER_ERROR,161056894,2024-06-06,1,1
747,USER_ERROR,153694513,2024-06-05,1,1
748,USER_ERROR,168891592,2024-06-07,1,1
749,USER_ERROR,161053014,2024-06-06,1,1
750,USER_ERROR,170261352,2024-06-05,1,1
751,USER_ERROR,161066334,2024-06-06,1,1
752,USER_ERROR,170969956,2024-06-07,1,1
753,USER_ERROR,170609598,2024-06-06,1,1
754,USER_ERROR,170969959,2024-06-07,1,1
755,USER_ERROR,170261584,2024-06-04,1,1
756,USER_ERROR,152811016,2024-06-05,1,1
757,USER_ERROR,167849584,2024-06-05,1,1
758,USER_ERROR,170961509,2024-06-06,1,1
759,USER_ERROR,166449369,2024-06-06,1,1
760,USER_ERROR,160285545,2024-06-05,1,1
761,USER_ERROR,169898652,2024-06-05,1,1
762,USER_ERROR,159545441,2024-06-02,1,1
763,USER_ERROR,165154461,2024-06-07,1,1
764,USER_ERROR,169945215,2024-06-02,1,1
765,USER_ERROR,170714506,2024-06-03,1,1
766,USER_ERROR,160047533,2024-06-05,1,1
767,USER_ERROR,168489810,2024-06-08,1,1
